{"metadata":{"asset_id":"bd0d5d97-eb89-4f02-a63a-688531813f79","asset_attributes":["wml_model","modelfacts_system","modelfacts_user"],"name":"parkinsondetect","asset_type":"wml_model","created_at":"2022-11-22T14:11:29Z","origin_country":"us","owner_id":"IBMid-666002PG0T","space_id":"1768bd20-dae5-491c-9ec0-23ec8a326b35","sandbox_id":"1768bd20-dae5-491c-9ec0-23ec8a326b35","size":25040,"usage":{"last_update_time":1669126292574,"last_updated_at":"2022-11-22T14:11:32Z"}},"entity":{"wml_model":{"hybrid_pipeline_software_specs":[],"software_spec":{"base_id":"12b83a17-24d8-5082-900f-0ab31fbfd3cb","name":"runtime-22.1-py3.9"},"ml_version":"4.0.15","type":"scikit-learn_1.0"},"modelfacts_system":{"model_information":{"model_type":"scikit-learn_1.0","model_description":"","input_type":"","algorithm":"","prediction_type":"","software_spec":"runtime-22.1-py3.9","software_spec_id":"12b83a17-24d8-5082-900f-0ab31fbfd3cb","asset_type":"wml_model"},"training_information":{"project_name":"","training_data_references":[],"hyper_parameters":"","hybrid_pipeline":[],"features":0},"space_details":{"space_id":"1768bd20-dae5-491c-9ec0-23ec8a326b35","space_type":"development","is_spacetype_openscale_value":false}},"modelfacts_user":{}},"attachments":[{"id":"d6f7753f-eeef-46d1-adc4-43510cea1115","version":2,"asset_type":"wml_model","datasource_type":"193a97c1-4475-4a19-b90c-295c4fdc6517","creator_id":"IBMid-666002PG0T","create_time":1669126290771,"size":25040,"is_remote":false,"is_managed":true,"is_referenced":false,"is_object_key_read_only":false,"is_user_provided_path_key":false,"transfer_complete":true,"is_partitioned":false,"complete_time_ticks":1669126291804,"user_data":{"content_format":"native"},"test_doc":0,"handle":{"bucket":"403c7ccb-35e7-446e-a741-dc8b2746bec5","location":"us-south","type":"bluemix_cos","key":"9588426c-630b-4e80-93aa-c2b42b2960ad/bd0d5d97-eb89-4f02-a63a-688531813f79/d6f7753f-eeef-46d1-adc4-43510cea1115","upload_id":"done","max_part_num":1},"usage":{"access_count":0,"last_accessor_id":"IBMid-666002PG0T","last_access_time":1669126290771}}]}
