{"entity":{"description":"","name":"parkinsondetect","scope":{"bss_account_id":"aa6dd997b39e4214bc986a44dc329421"},"stage":{"production":false},"status":{"state":"active"},"storage":{"type":"bmcos_object_storage"}},"metadata":{"created_at":"2022-11-22T13:59:55.949Z","creator_id":"IBMid-666002PG0T","id":"1768bd20-dae5-491c-9ec0-23ec8a326b35","updated_at":"2022-11-22T14:00:55.862Z","url":"/v2/spaces/1768bd20-dae5-491c-9ec0-23ec8a326b35"},"is_encrypted":false,"deployment_source":"cloud","version":"1.2.0.cloud"}
